,positive_bert,negative_bert,neutral_bert
0,0.01928625,0.584681,0.39603278
1,0.20568505,0.11008757,0.68422747
2,0.105863534,0.01653828,0.87759817
3,0.16199547,0.10743075,0.73057383
4,0.051906172,0.01562569,0.9324681
5,0.49002737,0.026687386,0.48328528
6,0.30883756,0.007066614,0.68409586
7,0.8938622,0.018093878,0.08804389
8,0.14291686,0.021768956,0.8353142