batch_num,round_num,gini_coefficient_num_words,gini_coefficient_num_chars,average_message_count,std_message_count,average_word_count,std_word_count,average_info_exchange_zscore_chats,std_info_exchange_zscore_chats,average_info_exchange_zscore_conversation,std_info_exchange_zscore_conversation,average_Qnum,std_Qnum,average_NTRI,std_NTRI,average_word_TTR,std_word_TTR,average_first_pronouns_proportion,std_first_pronouns_proportion,average_FuncWordAcc,std_FuncWordAcc,average_ContWordAcc,std_ContWordAcc,max_messages,min_messages,max_words,min_words,max_info_exchange_zscore_chats,min_info_exchange_zscore_chats,max_info_exchange_zscore_conversation,min_info_exchange_zscore_conversation
0,0,0.1594626168224299,0.16605520614954578,6.5,2.3979157616563596,107.0,33.94849039353591,0.45763909076038556,2.7940933648827273,1.1102230246251565e-16,2.735859102723609,0.0,0.0,0.0,0.0,6.078403613562098,2.3652964177054607,0.3429700170368381,0.2208999450660694,13.125,7.0787975673838845,0.38768301860974275,0.3172417301537716,9,1,140,30,4.969994052331104,-4.2011156776225675,4.370384687209366,-4.575567066890557
0,2,0.12569549822964088,0.12466281310211946,7.5,3.685557397915997,109.83333333333333,28.457082695799222,-0.6101854543471807,4.920035151519037,-1.4802973661668753e-16,5.042239295787882,0.0,0.0,0.0,0.0,7.080847830483411,3.6321723086193365,0.46805365032225293,0.33828404298004594,11.666666666666666,1.4907119849998598,0.3386699507389163,0.2669089608268356,12,3,169,76,5.30615483011065,-9.301640244729771,6.009397030033614,-9.01409554505042
