,batch_num,round_num,gini_coefficient_num_words,gini_coefficient_num_chars,average_message_count
0,0,0,0.1613849765258216,0.16651119402985073,6.5
1,0,2,0.12569549822964088,0.12466281310211946,7.5
