batch_num,round_num,gini_coefficient_num_words,gini_coefficient_num_chars,average_message_count,std_message_count,average_word_count,std_word_count,max_messages,min_messages,max_words,min_words
0,0,0.1594626168224299,0.16605520614954578,6.5,2.3979157616563596,107.0,33.94849039353591,9,1,140,30
0,2,0.12569549822964088,0.12466281310211946,7.5,3.685557397915997,109.83333333333333,28.457082695799222,12,3,169,76
